0.1912, 42.749, speed, "FRANCE vers ESPAGNE (10542)"
0.19117, 42.74837, speed, "ESPAGNE vers FRANCE (10543)"
-61.06535, 14.61142, speed, "LAMENTIN VERS SCHOELCHER (11214)"
-61.06998, 14.61154, speed, "SCHOELCHER VERS LAMENTIN (11215)"
3.13561, 43.59714, speed, "CLERMONT L HERAULT vers LAMALOU LES BAINS (11610)"
3.13474, 43.59696, speed, "LAMALOU LES BAINS vers CLERMONT L HERAULT (11611)"
4.08897, 48.26735, speed, "Troyes vers Dijon (12824)"
4.08951, 48.26683, speed, "Dijon vers Troyes (12825)"
3.71489, 48.51605, speed, "Romilly sur Seine vers Conflans sur Seine (12826)"
3.71492, 48.5168, speed, "Conflans sur Seine vers Romilly sur Seine (12827)"
4.08385, 48.2887, speed, "Bd Pompidou vers l'Est (12828)"
2.38935, 47.08204, speed, "Bourges vers St Doulchard (12829)"
2.39421, 47.07217, speed, "Bourges vers St Florent sur Cher (12830)"
2.4065, 47.07557, speed, "Dun sur Auron vers Bourges (12831)"
2.39863, 47.09063, speed, "Bourges vers Fussy (12832)"
2.40934, 47.06174, speed, "Bourges vers Trouy (12833)"
2.40944, 47.10346, speed, "Fussy vers Bourges (12834)"
2.42484, 47.10464, speed, "St Michel vers Bourges (12835)"
2.38126, 47.09983, speed, "Bourges vers Mehun-sur-Yèvre (12836)"
2.38089, 47.1001, speed, "Mehun-sur-Yèvre vers Bourges (12837)"
2.38926, 47.08232, speed, "Bourges vers St Florent sur Cher (12838)"
2.39383, 47.07209, speed, "St Florent sur Cher vers Bourges (12839)"
2.40934, 47.10315, speed, "Bourges vers Fussy (12840)"
5.06105, 47.33623, speed, "FONTAINE LES DIJON vers SAINT APOLLINAIRE (12841)"
5.05718, 47.33656, speed, "SAINT APOLLINAIRE vers FONTAINE LES DIJON (12842)"
5.04973, 47.30522, speed, "Rue de Longvic vers Dijon (12843)"
5.01435, 47.3135, speed, "Corcelles les Monts vers le centre ville (12844)"
5.01383, 47.31374, speed, "Vers le centre ville (12845)"
5.03785, 47.30932, speed, "Rue Charles Dumont vers Rue des Moulins (12846)"
5.04453, 47.31603, speed, "Vers le centre ville (12847)"
5.051, 47.34155, speed, "Vers le centre ville (12848)"
5.05173, 47.34108, speed, "Vers l'extérieur du centre ville (12849)"
-2.74855, 48.49254, speed, "Trégueux vers St Brieuc (12850)"
-2.77898, 48.51745, speed, "Trémuson vers St Brieuc (12851)"
1.11881, 49.01918, speed, "Sud-Ouest vers Nord-Est (12852)"
1.16164, 49.01643, speed, "Est vers Ouest (12853)"
1.18436, 49.20748, speed, "Louviers vers Heudebouville (12854)"
1.24417, 48.75866, speed, "Ouest vers Est (12855)"
-4.40631, 48.40188, speed, "Nord vers Sud (12856)"
-1.75759, 48.099, speed, "Rennes vers Lorient (12857)"
-1.75419, 48.10138, speed, "Lorient vers Rennes (12858)"
-1.69948, 48.06301, speed, "RENNES vers CHARTRES DE BRETAGNE (12859)"
-1.75776, 48.09839, speed, "Lorient vers Rennes (12860)"
0.74129, 47.39703, speed, "Tours vers la Ville aux Dames (12861)"
0.74247, 47.39722, speed, "La Ville aux Dames vers Tours (12862)"
0.78481, 47.4984, speed, "Château Renault vers Tours (12863)"
0.78348, 47.49706, speed, "Tours vers Château Renault (12864)"
0.55112, 47.54799, speed, "Le Mans vers Tours (12865)"
0.5516, 47.54725, speed, "Tours vers Le Mans (12866)"
0.55181, 47.54783, speed, "Beaumont la Ronce vers Château la Vallière (12867)"
0.55073, 47.5475, speed, "Château la Vallière vers Beaumont la Ronce (12868)"
0.78872, 47.50108, speed, "Tours vers Château Renault (12869)"
0.78942, 47.50159, speed, "Château Renault vers Tours (12870)"
-1.56936, 47.2086, speed, "Rue Mathurin Brissoneau vers le quai de la Fosse (12871)"
-1.55533, 47.21771, speed, "Rue de l'Hôtel de Ville vers la rue du général Leclerc de Hautecloque (12872)"
-1.54126, 47.23515, speed, "Nord vers Sud (12873)"
-1.56547, 47.21599, speed, "Place Delorme vers Rue Mondésir (12874)"
-1.50951, 47.18919, speed, "VERTOU vers NANTES (12875)"
1.84078, 47.92806, speed, "Ormes vers Orléans (12876)"
1.90827, 47.8797, speed, "Orléans vers la Ferté St Aubain (12877)"
1.91672, 47.91488, speed, "Orléans vers Fleury les Aubrais (12878)"
1.96492, 47.91437, speed, "St Jean de Braye vers Orléans (12879)"
1.90882, 47.90655, speed, "Orléans vers St Jean le blanc (12880)"
2.73244, 47.99369, speed, "Amilly vers Montargis (12881)"
1.96377, 47.91401, speed, "Orléans vers St Jean de Braye (12882)"
1.84178, 47.92766, speed, "Orléans vers Ormes (12883)"
1.92195, 47.90631, speed, "Orléans vers Fleury les Aubrais (12884)"
1.89952, 47.91459, speed, "Orléans vers Saran (12885)"
-0.9012, 47.0542, speed, "CHOLET vers LA ROCHE SUR YON (12886)"
-0.86765, 47.07346, speed, "CHOLET vers NANTES (12887)"
-0.54293, 47.44782, speed, "ANGERS vers BOUCHEMAINE (12888)"
-0.53511, 47.47536, speed, "St Sylvain vers Angers (12889)"
-1.6512, 49.64775, speed, "PLACE HIPPOLYTE MARS vers RUE PASTEUR (12890)"
-1.44385, 49.05185, speed, "Granville vers St Lô (12891)"
-1.07941, 49.11324, speed, "TORIGNI vers CARENTAN LES MARAIS (12892)"
-1.66389, 49.65346, speed, "RUE DU DR SCHAFFNER vers RUE AMIRAL COURBET (12893)"
4.37827, 48.94266, speed, "Nord vers Sud (12894)"
4.58976, 48.7338, speed, "Nord vers Sud (12895)"
5.05717, 47.33656, speed, "Sens Nord vers Sud (12896)"
2.25741, 48.89758, speed, "Nancy vers Bar le Duc (12897)"
4.94341, 48.63713, speed, "Sud vers Nord (12898)"
4.9905, 48.62562, speed, "CHAUMONT vers ST DIZIER (12899)"
5.1528, 48.09975, speed, "Chaumont vers Langres (12900)"
5.15407, 48.0986, speed, "Langres vers Chaumont centre (12901)"
5.14388, 48.11455, speed, "Langres vers St Dizier (12902)"
4.94399, 48.6392, speed, "Nord vers Sud (12903)"
6.16852, 48.68357, speed, "Nancy vers Laxou (12904)"
6.17025, 48.68749, speed, "Laxou vers Nancy (12905)"
6.12486, 48.69504, speed, "Laxou vers Toul (12906)"
6.14113, 48.69573, speed, "Laxou vers Nancy (12907)"
6.1957, 48.687, speed, "TOMBLAINE vers NANCY (12908)"
6.17326, 48.6836, speed, "Nancy vers Vandoeuvre les Nancy (12909)"
6.18748, 48.699, speed, "MALZEVILLE vers NANCY (12910)"
6.163, 48.7048, speed, "METZ vers NANCY (12911)"
6.2026, 48.6896, speed, "NANCY vers TOMBLAINE (12912)"
6.1724, 48.70035, speed, "Metz vers Nancy (12913)"
6.19216, 48.69355, speed, "Bd du XXIème R.A. vers Malzéville (12914)"
6.19854, 48.6797, speed, "NANCY vers JARVILLE (12915)"
6.2248, 48.70097, speed, "ESSEY LES NANCY vers NANCY (Est-ouest) (12916)"
6.1468, 48.677, speed, "LAXOU vers VILLERS LES NANCY (12917)"
-2.73536, 47.65372, speed, "Vannes vers Nantes (12918)"
-2.99453, 47.66869, speed, "Nord vers Sud (12919)"
6.1802, 49.10031, speed, "METZ vers MAGNY (12920)"
6.17741, 49.10163, speed, "Metz vers Plappeville (12921)"
6.17849, 49.11152, speed, "Sens Ouest vers Est (12922)"
6.20408, 49.11907, speed, "Vallières les Bordes vers Bellecroix (12923)"
3.03905, 50.62709, speed, "Rue de Turenne vers Rue Bonte Pollet (12924)"
3.0775, 50.63083, speed, "Boulevard du Président Hoover vers Boulevard Dubuisson (12925)"
2.98818, 50.64581, speed, "Avenue de Dunkerque vers la Rue Reublin (12926)"
3.04617, 50.62158, speed, "Rue d'Iéna vers la Rue d'Esquermes (12927)"
3.19907, 50.67736, speed, "Sud ouest vers Nord Est (12928)"
3.1699, 50.70538, speed, "Sud Ouest vers Nord Est (12929)"
3.04267, 50.60723, speed, "Rue Gustave Courbet vers Rue de Cannes (12930)"
3.04904, 50.60577, speed, "Est vers Ouest (12931)"
3.17946, 50.71484, speed, "De la Rue Alfred Delecourt vers la Rue du Sapin Vert (12932)"
2.38338, 51.04381, speed, "Nord vers Sud (12933)"
2.41626, 51.04781, speed, "Dunkerque vers la Belgique (12934)"
2.30489, 51.02247, speed, "Dunkerque vers Gravelines (12935)"
2.34683, 51.02374, speed, "Ouest vers Est (12936)"
3.0612, 50.62248, speed, "Rue D'artois vers la Rue Condé (12937)"
2.38317, 51.04313, speed, "Sud vers Nord (12938)"
2.38259, 51.04355, speed, "Ouest vers Est (12939)"
2.41721, 51.04821, speed, "Belgique vers Dunkerque (12940)"
2.41637, 51.04834, speed, "Av des Sports vers Rue Paul Bert (12941)"
2.30364, 51.02207, speed, "Gravelines vers Dunkerque (12942)"
2.30417, 51.02262, speed, "Fort Mardyck vers Grand Synthe (12943)"
2.30455, 51.02194, speed, "Grande Synthe vers Fort Mardyck (12944)"
3.93018, 50.0534, speed, "Dunkerque vers Grande Synthe (12945)"
3.05247, 50.63242, speed, "Rue Massena vers Boulevard Vauban (12946)"
3.05188, 50.63239, speed, "Boulevard Vauban vers Boulevard de la Liberté (12947)"
3.02656, 50.6471, speed, "Av. de l'Hippodrome vers le Nord-Ouest (12948)"
3.02591, 50.64764, speed, "Av. de l'Hippodrome vers le Sud-Est (12949)"
3.02644, 50.64758, speed, "Av. du Maréchal Foch vers le Sud-Ouest (12950)"
3.30118, 50.33424, speed, "Ouest vers Est (12951)"
3.30235, 50.33397, speed, "Est vers Ouest (12952)"
3.43207, 50.43829, speed, "Sud vers Nord (12953)"
3.50134, 50.35537, speed, "La Sentinelle vers Valenciennes centre ville (12954)"
3.39236, 50.37334, speed, "Hélesmes vers Bellaing (12955)"
3.39259, 50.37373, speed, "Hasnon vers Haveluy (12956)"
2.34978, 51.03116, speed, "Sud vers Nord (12957)"
2.36432, 51.02777, speed, "GRANDE SYNTHE vers LEFFRINCKOUCKE (12958)"
2.34941, 51.03167, speed, "Nord vers Sud (12959)"
2.48729, 49.25609, speed, "Rue Blaise Pascal vers l'Avenue du Moulin à Vent (12960)"
2.81357, 49.41336, speed, "Av. du Général Weygand vers le centre ville (12961)"
2.57965, 49.19951, speed, "Senlis vers Paris (12962)"
2.60424, 49.30713, speed, "Nord vers Sud (12963)"
2.20131, 49.28813, speed, "Paris vers Beauvais (12964)"
3.04604, 49.39815, speed, "Soissons vers Compiègne (12965)"
2.79108, 49.35859, speed, "Compiègne vers Verberie (12966)"
2.46489, 49.1929, speed, "PARIS vers CREIL (12967)"
2.08258, 49.43608, speed, "avenue Jean Mermoz vers Beauvais centre ville (12968)"
2.60447, 49.3003, speed, "SENLIS vers ESTREES ST DENIS (12969)"
2.48718, 49.25654, speed, "Avenue du Moulin à Vent vers la Rue Blaise Pascal (12970)"
3.04472, 49.39811, speed, "Compiègne vers Soissons (12971)"
2.41446, 49.21516, speed, "Sud-Ouest vers Nord-Est (12972)"
2.09014, 49.43465, speed, "Paris vers Rouen (12973)"
2.5792, 49.19874, speed, "Paris vers Senlis (12974)"
2.59115, 49.20838, speed, "Nord vers Sud (12975)"
2.24437, 49.16918, speed, "Nord vers centre ville (12976)"
2.23774, 49.16911, speed, "Route de Gisors (RD 105) vers l'Est (12977)"
2.47505, 49.25971, speed, "Rue St Cricq Cazeaux vers l'Est (12978)"
2.475, 49.26013, speed, "Rue de la République vers le Sud (12979)"
2.28648, 49.15169, speed, "Rue Léon Blum vers la Route de Chantilly (12980)"
2.47685, 49.25247, speed, "Bd Jean Biondi vers l'Avenue Pierre et Marie Curie (12981)"
2.47748, 49.2528, speed, "Route de Chantilly vers Creil centre ville (12982)"
2.23887, 49.16911, speed, "Chambly centre vers Méru (12983)"
2.245, 49.16883, speed, "Centre ville vers Nord (12984)"
2.87844, 49.2896, speed, "CREPY EN VALOIS vers COMPIEGNE (12985)"
2.85414, 50.44259, speed, "Vers la cité St Paul (12986)"
2.72781, 50.50951, speed, "Ouest vers Est (12987)"
2.92811, 50.42462, speed, "Sud-Est vers Nord-Ouest (12988)"
2.78034, 50.2882, speed, "Nord-Est vers Sud-Ouest (12989)"
2.85474, 50.4431, speed, "Lille vers Lens (12990)"
2.72999, 50.50994, speed, "Est vers Ouest (12991)"
2.81837, 50.44957, speed, "Lens vers la Bassée (12992)"
2.92709, 50.42525, speed, "Nord vers Sud (12993)"
2.94742, 50.41712, speed, "ESQUERCHIN vers MONTIGNY EN GOHELLE (12994)"
2.93464, 50.41011, speed, "ESQUERCHIN vers BILLY MONTIGNY (12995)"
1.88964, 50.94629, speed, "SANGATTE vers MARCK (12996)"
2.94691, 50.41682, speed, "DROCOURT vers  COURRIERES (12997)"
2.93454, 50.41056, speed, "DOURGES vers ROUVROY (12998)"
1.88849, 50.94613, speed, "Av. Antoine de Saint-Exupéry vers Ouest (12999)"
1.82252, 50.9443, speed, "Av. R. Salengro vers Est (13000)"
7.70658, 48.56507, speed, "Vers Lingolsheim (13001)"
7.75624, 48.5754, speed, "Quai des Alpes vers la Place de l'étoile (13002)"
7.70858, 48.57854, speed, "Eckbolsheim vers Strasbourg (13003)"
7.70597, 48.56451, speed, "LINGOLSHEIM vers STRASBOURG (13004)"
7.78417, 48.8135, speed, "Sud vers Nord (13005)"
7.45673, 48.26793, speed, "Vers Strasbourg (13006)"
7.78316, 48.81083, speed, "Sud-Ouest vers Nord-Est (13007)"
7.73109, 48.59147, speed, "Oberhausbergen vers Strasbourg (13008)"
7.45738, 48.26896, speed, "vers Colmar (13009)"
7.45031, 48.25858, speed, "Boulevard du Maréchal Foch vers boulevard du Maréchal Joffre (13010)"
7.7283, 48.58049, speed, "Strasbourg vers Koenigshoffen (13011)"
7.73171, 48.59139, speed, "Marché Gare Vers Cronenbourg (13012)"
7.33138, 48.08655, speed, "vers le centre ville (13013)"
7.30572, 47.75009, speed, "Rue Leon Jouhaux vers l'Avenue DMC (13014)"
7.35078, 48.07497, speed, "Du Sud vers le Nord (13015)"
7.32235, 47.74795, speed, "Avenue Aristide Briand vers Lutterbach (13016)"
7.34452, 47.75936, speed, "Rue Lefebvre vers Rue de la Mertrau (13017)"
7.33429, 48.07078, speed, "Wintzenheim vers le centre ville (13018)"
7.33388, 48.07414, speed, "route de Wintzenheim vers l'avenue de la Liberté (Sud vers Nord) (13019)"
7.34739, 48.08379, speed, "vers le Centre-ville (13020)"
7.36049, 48.08063, speed, "Vers la Rue Golbéry (13021)"
7.3392, 47.7605, speed, "Vers les nouveaux bassins (13022)"
7.32611, 47.7688, speed, "Rue de Kingersheim vers le Nord (13023)"
7.3439, 47.7411, speed, "Bd Léon Gambetta vers le pont d'Alkirch (13024)"
7.29444, 47.7322, speed, "Rue Jules Verne vers Nord-Ouest (13025)"
7.35, 47.75552, speed, "Vers l'extérieur du centre ville (13026)"
6.17214, 47.62728, speed, "Sud vers Nord (13027)"
6.6381, 47.69792, speed, "BELFORT vers LURE (13028)"
6.63669, 47.69814, speed, "LURE vers BELFORT (13029)"
0.21026, 47.96879, speed, "Sud vers Nord (13030)"
0.22575, 47.97446, speed, "Sud-Est vers Nord-Ouest (13031)"
0.1808, 48.00846, speed, "Sud vers Nord (13032)"
0.21043, 47.96978, speed, "Nord vers Sud (13033)"
0.22431, 47.97511, speed, "Nord Ouest vers Sud Est (13034)"
0.18087, 48.00901, speed, "Nord vers Sud (13035)"
0.17729, 47.96239, speed, "Bd Pierre Lefaucheux vers Le Mans (13036)"
0.17686, 47.96291, speed, "Le Mans vers Arnage (13037)"
-0.10689, 47.71996, speed, "Sablé vers La Flèche (13038)"
-0.10594, 47.71908, speed, "La Flèche vers Sablé (13039)"
2.29687, 48.83718, speed, "Sud-Ouest vers Nord-Est (13040)"
2.27155, 48.87522, speed, "Est vers Ouest (13041)"
2.36773, 48.88411, speed, "Boulevard de la Villette vers la Place de la Bataille de Stalingrad (13042)"
2.33831, 48.86931, speed, ""rue du quatre septembre (13043)"
2.36107, 48.8843, speed, "Vers Boulevard de la Villette (13044)"
2.3536, 48.87832, speed, "Place Franz Liszt vers rue du Faubourg Saint-Denis (13045)"
2.37974, 48.83221, speed, "De Quai d'Ivry vers le Quai François Mauriac (13046)"
2.37157, 48.86374, speed, "Place de la Bastille vers l'avenue de la République (13047)"
2.27069, 48.87474, speed, "Ouest vers Est (13048)"
2.34858, 48.85692, speed, "Quai de la Mégisserie vers  quai de l'hotel de ville (13049)"
2.3408, 48.86091, speed, "Rue du Louvre vers la Seine (13050)"
1.13427, 49.4365, speed, "Darnetal vers Rouen (13051)"
0.10446, 49.52286, speed, "Nord vers Sud (13052)"
1.07685, 49.90506, speed, "Dieppe vers Rouen (13053)"
1.19947, 49.38958, speed, "Nord vers Sud (13054)"
1.71688, 49.42248, speed, "GOURNAY vers GISORS (13055)"
1.05604, 49.45289, speed, "Ouest vers Est (13056)"
0.35628, 49.53334, speed, "Yvetot vers Le Havre (13057)"
1.07725, 49.4356, speed, "Nord vers Sud (13058)"
1.08262, 49.4257, speed, "Rue d'Elbeuf vers le Boulevard de l'Europe (13059)"
1.73581, 49.48269, speed, "Département Oise vers Forges les Eaux (13060)"
1.07488, 49.91393, speed, "DIEPPE vers ROUEN (13061)"
0.15095, 49.48864, speed, "Est vers Ouest (13062)"
0.88116, 49.75099, speed, "Yerville vers Veules les Roses (13063)"
1.08523, 49.44392, speed, "Sud vers Nord (13064)"
1.11774, 49.90215, speed, "Dieppe vers Arques la Bataille (13065)"
1.09274, 49.9048, speed, "Dieppe vers Arques-la-Bataille (13066)"
2.69885, 48.967, speed, "Dammartin vers Claye Souilly (13067)"
2.73246, 48.18572, speed, "Province vers Paris (13068)"
2.13779, 48.89345, speed, "Chatou vers Le Vésinet (13069)"
2.14076, 48.89287, speed, "Le Vesinet vers Chatou (13070)"
2.11761, 48.89715, speed, "Le Vesinet vers Chatou (13071)"
2.13752, 48.90286, speed, "Chatou vers Le Vesinet (13072)"
2.12695, 48.88807, speed, "Le Pecq vers Croissy sur Seine (13073)"
2.10732, 48.85559, speed, "Versailles vers St Germain en Laye (13074)"
2.13674, 48.80545, speed, "vers le Château de Versailles (13075)"
1.92529, 48.74872, speed, "Rambouillet vers Versailles (13076)"
1.94105, 48.8238, speed, "Nord-Est vers Sud-Ouest (13077)"
1.94786, 48.76926, speed, "Sud-Est vers Nord-Ouest (13078)"
2.03619, 48.93856, speed, "Sud-Est vers Nord-Ouest (13079)"
2.12496, 48.80679, speed, "Est vers Ouest (13080)"
2.13535, 48.80519, speed, "Château de Versailles Vers Ville d'Avray (13081)"
2.03781, 48.77629, speed, "Est vers Ouest (13082)"
2.03699, 48.77623, speed, "Nord vers Sud (13083)"
1.71124, 48.99018, speed, "Rosny sur Seine vers Mantes la Jolie (13084)"
2.03547, 48.9388, speed, "Nord-Ouest vers Sud-Est (13085)"
1.94037, 48.82331, speed, "Sud-Ouest vers Nord-Est (13086)"
2.10422, 48.88902, speed, "Marly-le-Roi vers Le Pecq (13087)"
2.32955, 49.87529, speed, "Cagny vers Amiens (13088)"
2.29408, 49.91591, speed, "Flesselles vers Amiens (13089)"
2.3038, 49.88553, speed, "St Fuscien vers Amiens (13090)"
2.28755, 49.9037, speed, "Flesselles vers Amiens (13091)"
2.2946, 49.91509, speed, "Amiens vers Flesselles (13092)"
2.30352, 49.88613, speed, "Amiens vers St Fuscien (13093)"
2.32554, 49.90878, speed, "Amiens vers Rivery (13094)"
2.32232, 49.90247, speed, "Amiens vers Rivery (13095)"
2.33232, 49.90147, speed, "Rivery vers Amiens (13096)"
2.35034, 49.87342, speed, "Amiens vers Longueau (13097)"
2.2789, 49.86795, speed, "BEAUVAIS vers ABBEVILLE (13098)"
2.28117, 49.88915, speed, "Place du Maréchal Foch vers le Carrefour de la Libération (13099)"
2.29862, 49.90049, speed, "Amiens vers Doullens (13100)"
2.32313, 49.90235, speed, "Rivery Vers Amiens (13101)"
-1.94682, 46.69814, speed, "St Gilles Croix de Vie vers St Jean de Monts (13102)"
6.821876, 47.603327, speed, "BAVILLIERS vers HERICOURT (13103)"
6.821456, 47.602709, speed, "HERICOURT vers BAVILLIERS (13104)"
2.34375, 48.63461, speed, "ST MICHEL SUR ORGE vers FLEURY MEROGIS (13105)"
2.34434, 48.63465, speed, "FLEURY MEROGIS vers ST MICHEL SUR ORGE (13106)"
2.49661, 48.67808, speed, "Quincy-sous-Sénart vers Montgeron (13107)"
2.17504, 48.67825, speed, "Rond point de l'Aubrac vers l'Avenue de Bourgogne (13108)"
2.17443, 48.67915, speed, "Avenue de Bourgogne vers le rond point de l'Aubrac (13109)"
2.26621, 48.63506, speed, "RN20 vers Montlhery (13110)"
2.2987, 48.69568, speed, "Avenue De Gaulle vers Boulevard Liévain (13111)"
2.20435, 48.75244, speed, "Jouy en josas vers Igny (13112)"
2.4805, 48.59986, speed, "ORMOY vers ST GERMAIN LES CORBEIL (13113)"
2.48071, 48.60079, speed, "ST GERMAIN LES CORBEIL vers ORMOY (13114)"
2.49589, 48.67846, speed, "Montgeron vers Quincy-sous-Sénart (13115)"
2.26618, 48.63533, speed, "RN20 vers Arpajon (13116)"
2.2069, 48.7519, speed, "Igny vers Jouy en josas (13117)"
2.27804, 48.92145, speed, "BOIS COLOMBES Vers PARIS (13118)"
2.21399, 48.84903, speed, "St Cloud vers Suresnes (13119)"
2.25377, 48.83198, speed, "Est vers Ouest (13120)"
2.32554, 48.81752, speed, "Paris vers Province (13121)"
2.25099, 48.88548, speed, "Suresnes vers Courbevoie (13122)"
2.21356, 48.84966, speed, "St Cloud vers la ville d'Avray (13123)"
2.30803, 48.90089, speed, "Clichy vers Asnières (13124)"
2.32178, 48.79618, speed, "Bagneux vers Cachan (13125)"
2.2525, 48.83216, speed, "Ouest vers Est (13126)"
2.45184, 48.91969, speed, "Sud vers Nord (13127)"
2.41414, 48.9021, speed, "Province vers Paris (13128)"
2.4719, 48.88664, speed, "Rosny vers Bondy (13129)"
2.42036, 48.7984, speed, "Paris vers Province (13130)"
2.47139, 48.8062, speed, "Créteil vers Joinville le Pont (13131)"
2.32246, 48.79622, speed, "CACHAN vers Bagneux (13132)"
2.44655, 48.736, speed, "Paris vers Province (13133)"
2.51127, 48.8135, speed, "PROVINCE vers PARIS (13134)"
2.44695, 48.78313, speed, "Versailles vers Créteil (13135)"
2.44523, 48.78119, speed, "Créteil vers Versailles (13136)"
2.44562, 48.72769, speed, "Province vers Paris (13137)"
2.43457, 48.84992, speed, "Sud vers Nord (13138)"
2.3865, 49.02346, speed, "Le Mesnil-Aubry vers Villiers-le-Bel (13139)"
2.3866, 49.02258, speed, "Villiers-le-Bel vers Le Mesnil-Aubry (13140)"
2.36021, 48.992, speed, "MOISSELLES vers MONTMAGNY (13141)"
2.36026, 48.99128, speed, "MONTMAGNY vers MOISSELLES (13142)"
2.25471, 48.95446, speed, "Sannois vers Gennevilliers (13143)"
2.25439, 48.9537, speed, "GENEVILLIERS vers SANNOIS (13144)"
2.27969, 48.95617, speed, "Bezons vers Enghien les Bains (13145)"
2.28088, 48.95642, speed, "Enghien les Bains vers Bezons (13146)"
2.18182, 48.9912, speed, "Beauchamp vers Cormeilles en Parisis (13147)"
2.18183, 48.991, speed, "Cormeilles en Parisis vers Beauchamp (13148)"
2.31292, 49.0855, speed, "Province vers Paris (13149)"
2.32408, 49.07198, speed, "Paris vers Province (13150)"
2.09006, 49.01393, speed, "St Ouen l'Aumône vers Conflans St Honorine (13151)"
2.19514, 48.99406, speed, "Franconville vers Pierrelaye (13152)"
2.19419, 48.99453, speed, "Pierrelaye vers Franconville (13153)"
2.07466, 49.0154, speed, "CONFLANS STE HONORINE vers CERGY (13154)"
2.07395, 49.01594, speed, "Cergy vers Conflans (13155)"
2.01828, 49.04332, speed, "Cergy vers Vauréal (13156)"
2.07386, 49.03172, speed, "Neuville sur Oise vers Cergy (13157)"
2.05243, 49.04758, speed, "Cergy vers Puiseux-Pontoise (13158)"
2.09038, 49.04205, speed, "Cergy vers Pontoise (13159)"
2.0276, 49.01345, speed, "Vauréal vers Jouy le Moutier (13160)"
2.02921, 49.01058, speed, "Jouy le Moutier vers Triel sur Seine (13161)"
2.03056, 49.03508, speed, "Centre ville vers vieux Vauréal (13162)"
2.11038, 49.02326, speed, "Cergy vers Eragny sur Oise (13163)"
2.11504, 49.04004, speed, "Pierrelaye vers Pontoise (13164)"
2.37904, 48.99505, speed, "VILLIERS-LE-BEL vers PIERREFITTE-SUR-SEINE (13165)"
2.01788, 49.04268, speed, "Vauréal vers Cergy (13166)"
2.01539, 49.0549, speed, "Courdimanche vers Puiseux-Pontoise (13167)"
2.02831, 49.01019, speed, "Triel sur Seine vers Jouy le Moutier (13168)"
5.78724, 43.82798, speed, "Nord vers Sud (13169)"
6.9993, 43.55078, speed, "Cannes vers Mandelieu la Napoule (13170)"
6.99385, 43.5505, speed, "Cannes vers Mandelieu la Napoule (13171)"
7.15538, 43.6564, speed, "St Laurent du Var vers Villeneuve Loubet (13172)"
7.15467, 43.65602, speed, "Villeneuve Loubet vers St Laurent du Var (13173)"
7.28703, 43.70104, speed, "Nord vers Sud (13174)"
7.25678, 43.6939, speed, "Nice vers St Laurent du Var (13175)"
7.28726, 43.70066, speed, "Est vers Ouest (13176)"
7.17826, 43.65658, speed, "Route du Bord de Mer vers Nice (13177)"
7.17887, 43.65672, speed, "Route du Bord de Mer vers Cagnes-sur-Mer (13178)"
7.28212, 43.70582, speed, "Nice vers la Trinité (13179)"
7.28195, 43.70621, speed, "Nice vers Villefranche sur mer (13180)"
7.03734, 43.54651, speed, "Cannes vers Vallauris (13181)"
7.28662, 43.73102, speed, "Nice vers la Trinité (13182)"
7.40117, 43.72507, speed, "Eze vers Monaco (13183)"
7.39247, 43.72464, speed, "Monaco vers Eze (13184)"
7.28666, 43.73099, speed, "la Trinité vers Nice (13185)"
7.15156, 43.65045, speed, "Villeneuve-Loubet vers St Laurent-du-Var (13186)"
7.15151, 43.65054, speed, "Villeneuve-Loubet vers centre-ville (13187)"
7.15808, 43.65448, speed, "St Laurent-du-Var vers Villeneuve-Loubet (13188)"
7.25156, 43.70048, speed, "Nice vers St Laurent du Var (13189)"
7.28233, 43.70619, speed, "Nice vers Villefranche sur mer (13190)"
7.10754, 43.57189, speed, "Antibes vers  Vallauris (13191)"
7.20083, 43.6772, speed, "Route de Grenoble vers Nice (13192)"
5.39244, 43.28818, speed, "Vers exterieur (13193)"
5.38713, 43.26086, speed, "Centre ville vers périphérique (13194)"
5.37879, 43.34715, speed, "SAINT MARTHE vers VAL DE VIRVEE (13195)"
5.40084, 43.3063, speed, "Sud vers Nord (13196)"
5.40289, 43.30942, speed, "St Just vers Timone (13197)"
5.41774, 43.27617, speed, "St LOUP vers DROMEL (13198)"
5.39887, 43.33371, speed, "Nord vers Sud (13199)"
4.80286, 43.3879, speed, "Vers le port (13200)"
5.05714, 43.41394, speed, "Avenue du Docteur Fleming vers boulevard du 14 juillet (13201)"
5.24822, 43.36754, speed, "Marseille vers Marignane (13202)"
5.04133, 43.5445, speed, "Miramas vers la Fare les Oliviers (13203)"
5.24736, 43.36726, speed, "Marignane vers Marseille (13204)"
5.00388, 43.59126, speed, "Sud vers Nord (13205)"
5.00395, 43.59209, speed, "Nord vers sud (13206)"
4.98203, 43.51207, speed, "Nord vers Sud (13207)"
4.63182, 43.67508, speed, "Ouest vers Est (13208)"
5.38485, 43.28414, speed, "Ouest vers Est (13209)"
5.40002, 43.2908, speed, "Nord vers Sud (13210)"
5.3991, 43.33331, speed, "Sud vers Nord (13211)"
5.39996, 43.29019, speed, "Sud vers Nord (13212)"
4.98179, 43.51145, speed, "Sud vers Nord (13213)"
4.83622, 43.86893, speed, "Nord vers Sud (13214)"
5.57805, 43.6458, speed, "JOUQUES vers MEYRARGUES (13215)"
5.60381, 43.34434, speed, "AUBAGNE vers LA DESTROUSSE (13216)"
5.62301, 43.28721, speed, "Sud Ouest vers Nord Est (13217)"
5.69981, 43.27582, speed, "RD8N sens Aubagne vers Toulon (13218)"
4.85465, 43.88808, speed, "NOVES vers BARBENTANE (13219)"
5.3056, 43.41124, speed, "Vitrolles vers Marseille (13220)"
5.64134, 43.19065, speed, "Bandol vers La Ciotat (13221)"
4.99503, 43.80767, speed, "SAINT ANDIOL vers ORGON (13222)"
4.98326, 43.41083, speed, "PORT DE BOUC vers ST MITRE LES REMPARTS (Sud-Ouest vers Nord-Est) (13223)"
5.62328, 43.28783, speed, ""Avenue du chemin de Jouques (13224)"
5.60345, 43.34536, speed, "LA DESTROUSSE vers AUBAGNE (13225)"
5.57774, 43.64589, speed, "PEYROLLES EN PROVENCE vers MANOSQUE (13226)"
4.85359, 43.88792, speed, "BARBENTANE vers NOVES (13227)"
5.3434, 43.39546, speed, "VITROLLES vers MARSEILLE (13228)"
5.34375, 43.39472, speed, "MARSEILLE vers VITROLLES (13229)"
4.99509, 43.80724, speed, "Route de ST REMY sens de ST REMY DE PROVENCE vers CAVAILLON (13230)"
4.98361, 43.4113, speed, "sens ST MITRE LES REMPARTS vers PORT DE BOUC (sens Nord-Est vers le Sud-Ouest) (13231)"
2.43986, 44.92177, speed, "Centre Ville vers la périphérie (13232)"
2.43848, 44.91238, speed, "Est vers Ouest (13233)"
4.72964, 44.55906, speed, "VALENCE vers AVIGNON (13234)"
4.87781, 44.91317, speed, "Valence vers Montélimar (13235)"
5.06501, 45.04504, speed, "Romans sur isère vers St Marcellin (13236)"
4.85427, 45.54121, speed, "VIENNE vers LYON (13237)"
5.70476, 45.1799, speed, "SEYSSINET-PARISET vers GRENOBLE (13238)"
5.71528, 45.162, speed, "Ouest vers Est (13239)"
5.70102, 45.13392, speed, "Grenoble vers Sisteron (13240)"
5.75931, 45.17027, speed, "Poisat vers Grenoble (13241)"
5.67736, 45.19493, speed, "Grenoble vers Valence (13242)"
5.69492, 45.19219, speed, "Grenoble vers Valence (13243)"
4.37915, 45.44229, speed, "Sud vers Nord (13244)"
4.3913, 45.42327, speed, "Sud vers Nord (13245)"
4.36654, 45.4039, speed, "Est vers Ouest (13246)"
4.40116, 45.41575, speed, "Nord vers Sud (13247)"
4.39222, 45.4234, speed, "Rue A. Pourcel vers Ouest (13248)"
4.36445, 45.4032, speed, "Rue de la Libération vers le Nord-Est (13249)"
4.3789, 45.44198, speed, "Nord vers Sud (13250)"
4.06829, 46.04832, speed, "Nord vers Sud (13251)"
4.06623, 46.05054, speed, "Ouest vers Est (13252)"
4.06706, 46.05085, speed, "Nord-Est vers Sud-Ouest (13253)"
3.11637, 45.79706, speed, "Riom vers Issoire (13254)"
3.11806, 45.78934, speed, "Issoire vers Riom (13255)"
3.11069, 45.77853, speed, "Ouest vers Est (vers LEMPDES) (13256)"
3.0935, 45.77158, speed, "BEAUMONT vers CEBAZAT (13257)"
3.20065, 45.73871, speed, "Billom vers Cournon d'Auvergne (13258)"
3.12648, 45.76192, speed, "Sud vers Nord (13259)"
3.12623, 45.76242, speed, "Nord vers Sud (13260)"
3.1042, 45.90042, speed, "Riom vers Châtel-Guyon (13261)"
3.12052, 45.77319, speed, "Nord vers Sud (13262)"
3.10344, 45.9011, speed, "Châtel-Guyon vers Riom (13263)"
4.8439, 45.74797, speed, "Lyon 7 eme Ardt vers Lyon 2 eme Ardt (13264)"
4.79481, 45.77362, speed, "Ecully vers Lyon (13265)"
4.85079, 45.74202, speed, "Venissieux vers Lyon (13266)"
4.87473, 45.69369, speed, "FEYZIN vers BRON (13267)"
4.86029, 45.76935, speed, "Ouest vers Est (13268)"
4.73378, 46.10916, speed, "Macon vers Lyon (13269)"
4.8672, 45.77893, speed, "Est vers Ouest (13270)"
4.92743, 45.74591, speed, "GENAS vers LYON (13271)"
4.85694, 45.7636, speed, "Villeurbanne vers Lyon (centre) (13272)"
4.83749, 45.75161, speed, "nord vers sud (13273)"
4.88751, 45.70614, speed, "Corbas vers Bron (13274)"
4.77445, 45.75788, speed, "Francheville vers Ecully (13275)"
4.77981, 45.60495, speed, "GIVORS vers VERNAISON (13276)"
4.83755, 45.7516, speed, "est vers ouest (13277)"
4.77085, 45.58865, speed, "GRIGNY vers ST ROMAIN EN GAL (13278)"
4.78083, 45.60486, speed, "VERNAISON vers GIVORS (13279)"
5.90696, 45.57556, speed, "Sud vers Nord (13280)"
6.38616, 45.67192, speed, "Est vers Ouest (13281)"
5.90712, 45.57623, speed, "Nord vers Sud (13282)"
6.36369, 45.6636, speed, "Gilly sur Isère vers Albertville (13283)"
6.12117, 45.91141, speed, "Chambery vers Genève (13284)"
6.24764, 46.18596, speed, "Genève vers Thonon les Bains (13285)"
6.24503, 46.19269, speed, "Thonon les Bains vers Genève (13286)"
6.33026, 46.31815, speed, "Genève vers Thonon les Bains (13287)"
6.48532, 46.37388, speed, "Evian les Bains vers Genève (13288)"
6.23654, 46.18588, speed, "Annecy vers Thonon les Bains (13289)"
6.4708, 46.37059, speed, "Annecy vers Evian les bains (13290)"
5.92403, 43.12831, speed, "Sud vers Nord (13291)"
5.90167, 43.12881, speed, "Sud vers Nord (13292)"
5.9935, 43.1316, speed, "La Valette du Var vers Toulon (13293)"
5.87689, 43.10711, speed, "La Seyne sur Mer vers Toulon (13294)"
5.89895, 43.0886, speed, "La Seyne sur Mer vers Toulon (13295)"
5.85076, 43.13722, speed, "Sud vers Nord (13296)"
5.93529, 43.11534, speed, "Sud vers Nord (13297)"
5.96905, 43.11008, speed, "Ouest vers Est (13298)"
5.95812, 43.11379, speed, "Ouest vers Est (13299)"
6.72794, 43.42589, speed, "Sud-Est vers Nord-Ouest (13300)"
6.72699, 43.42677, speed, "Nord Ouest vers Sud EST (13301)"
6.73045, 43.43592, speed, "Nord-Est vers Sud-Ouest (13302)"
6.75841, 43.43448, speed, "Est vers Ouest (13303)"
6.75722, 43.43455, speed, "Ouest vers Est (13304)"
5.96927, 43.11039, speed, "Est vers Ouest (13305)"
6.4825, 43.505, speed, "nord-ouest vers sud-est (13306)"
6.48352, 43.50357, speed, "Trans en Provence vers Draguignan (13307)"
5.94097, 43.12167, speed, "La Farlède vers La Seyne sur Mer (13308)"
6.00919, 43.12836, speed, "LA CRAU vers TOULON (13309)"
6.46612, 43.5221, speed, "Boulevard Jean Mermoz vers boulevard Saint Exupéry (Est vers Ouest) (13310)"
5.98846, 43.14304, speed, "vers route des Favières (D46)  Est vers Ouest (13311)"
5.98734, 43.13677, speed, "Avenue de la Coupiane  Nord vers Sud (13312)"
5.98569, 43.1365, speed, "Nord vers sud (13313)"
5.94077, 43.12155, speed, "La Farlède vers La Seyne sur Mer (13314)"
6.12852, 43.11793, speed, "Nord vers Sud (13315)"
6.13148, 43.11838, speed, "Vers l'Avenue Léopold Ritondale (13316)"
5.0395, 43.83186, speed, "Cavaillon vers Plan d'Orgon (13317)"
5.04881, 44.06034, speed, "Carpentras vers Aubignan (13318)"
5.14308, 43.86801, speed, "Robion vers Gordes (13319)"
4.86416, 43.9922, speed, "Avignon vers Orange (13320)"
4.81345, 43.95334, speed, "Avignon vers Le Pontet (13321)"
4.82525, 43.9308, speed, "Carpentras vers Rognonas (13322)"
4.80827, 44.13865, speed, "Orange vers Piolenc (13323)"
4.82916, 43.93195, speed, "Avignon vers Carpentras (13324)"
4.82931, 43.93211, speed, "Carpentras vers Avignon (13325)"
4.836, 43.94043, speed, "Montfavet vers Avignon (13326)"
4.87256, 43.93322, speed, "Montfavet vers Caumont (13327)"
4.86028, 43.96292, speed, "Avignon vers Vedène (13328)"
5.04254, 44.0545, speed, "Carpentras vers Avignon (13329)"
5.04231, 44.05396, speed, "Sud vers Nord (13330)"
4.82101, 43.93961, speed, "Avignon vers Cavaillon (13331)"
4.83401, 43.95166, speed, "Saint Saturnin Les Avignon vers Les Angles (13332)"
4.81218, 44.13536, speed, "Piolenc vers Courthézon (13333)"
4.80389, 44.13645, speed, "CAMARET sur AIGUES vers CADEROUSSE (13334)"
5.04889, 43.83845, speed, "Cheval-Blanc vers Caumont (13335)"
4.93408, 43.95788, speed, "Pernes-les-Fontaines vers Saint-Saturnin-les-Avignon (13336)"
4.78173, 43.93614, speed, "Nîmes vers Marseille (13337)"
4.7819, 43.93553, speed, "Marseille vers Nîmes (13338)"
4.81395, 43.94717, speed, "Avignon vers Le Pontet (13339)"
4.74498, 44.63323, speed, "Nord vers Sud (13340)"
4.74392, 44.63175, speed, "Sud vers Nord (13341)"
1.85019, 42.93519, speed, "Vers Foix (13342)"
2.76119, 43.20357, speed, "Carcassonne vers Narbonne (13343)"
2.54953, 43.1876, speed, "Carcassonne vers Narbonne (13344)"
2.34516, 43.21278, speed, "Toulouse vers Narbonne (13345)"
2.3526, 43.21639, speed, "Narbonne vers Toulouse (13346)"
2.76218, 43.20329, speed, "Narbonne Vers Carcassonne (13347)"
2.35645, 43.21638, speed, "Narbonne vers Toulouse (13348)"
5.545, 43.64836, speed, "MEYRARGUES vers PEYROLLES EN PROVENCE (13349)"
5.54583, 43.64836, speed, "PEYROLLES EN PROVENCE vers MEYRARGUES (13350)"
0.13139, 45.65165, speed, "Linars vers Angoulème Centre (13351)"
0.17321, 45.6464, speed, "Soyaux vers Angoulême (13352)"
0.14725, 45.65336, speed, "Rue de Bordeaux vers Angoulême centre (13353)"
0.18468, 45.65085, speed, "Soyaux vers Angoulême (13354)"
0.12756, 45.65158, speed, "Angoulême centre vers Linars (13355)"
0.15273, 45.64568, speed, "Rue de Montmoreau vers Rue de Bordeaux (13356)"
0.15949, 45.67155, speed, "GOND PONTOUVRE vers MONTIGNAC (13357)"
0.16341, 45.67904, speed, "GOND PONTOUVRE vers RUELLE SUR TOUVRE (13358)"
0.17396, 45.67261, speed, "GOND PONTOUVRE vers CHAMPNIERS (13359)"
0.21978, 45.6768, speed, "RUELLE SUR TOUVRE vers ANGOULEME (13360)"
-0.3363, 45.68867, speed, "Cognac vers Merpins (13361)"
-0.30716, 45.67311, speed, "COGNAC vers SEGONZAC (13362)"
-0.30645, 45.67241, speed, "Segonzac vers Cognac (13363)"
-0.3285, 45.67392, speed, "COGNAC vers BARBEZIEUX ST HILAIRE (13364)"
-0.32857, 45.67315, speed, "BARBEZIEUX ST HILAIRE vers COGNAC (13365)"
0.38625, 45.7362, speed, "Angoulême vers Limoges (13366)"
0.38744, 45.74342, speed, "Angoulême vers Limoges (13367)"
0.38708, 45.74396, speed, "Limoges vers Angoulême (13368)"
0.38746, 45.74043, speed, "Angoulême vers Chasseneuil sur Bonnieure (13369)"
0.3874, 45.74126, speed, "CHASSENEUIL vers ANGOULEME (13370)"
0.58245, 45.88595, speed, "Avenue de la Gare vers la rue des Paleines (13371)"
0.58375, 45.88598, speed, "Limoges vers Chasseneuil sur Bonnieure (13372)"
0.15921, 45.67208, speed, "GOND PONTOUVRE vers ANGOULEME (13373)"
0.17282, 45.6468, speed, "Place Victor hugo vers Bld LIEDOT (13374)"
0.1659, 45.65341, speed, "Linars vers Angoulême centre (13375)"
-1.1361, 46.1546, speed, "Av. J.P. Sartre vers la rocade (13376)"
-1.15026, 46.17298, speed, "Av. du 11 novembre 1918 vers la rocade (13377)"
-1.02376, 45.62432, speed, "Av. de la Grandière vers Bd de la République (13378)"
-1.02926, 45.62408, speed, "Bd de la République vers Rue Gambetta (13379)"
-1.13561, 46.15525, speed, "Av. J.P. Sartre vers le centre ville (13380)"
-1.15061, 46.17364, speed, "Av. du 11 novembre 1918 vers le centre ville (13381)"
2.03026, 47.23838, speed, "VIERZON vers THENIOUX (13382)"
1.52408, 45.15757, speed, "Centre ville vers Avenue Jean Charles RIVET (13383)"
1.53328, 45.16086, speed, "Bld Anatole France vers Bld de Koenig (13384)"
1.52329, 45.15726, speed, "Avenue Jean Charles RIVET vers Centre Ville (13385)"
1.42128, 45.22979, speed, "Varetz vers Saint Aulaire (13386)"
1.42069, 45.22957, speed, "Saint Aulaire vers Varetz (13387)"
0.70431, 45.18631, speed, "Périgueux vers Bordeaux (13388)"
0.7033, 45.19515, speed, "Angoulême vers Centre ville de Périgueux (13389)"
0.72969, 45.18788, speed, "Périgueux vers Limoges (13390)"
1.22694, 45.12933, speed, "BRIVE LA GAILLARDE vers PERIGUEUX (13391)"
0.97677, 45.54226, speed, "Limoges vers Périgueux (13392)"
0.92666, 48.74284, speed, "Sud Ouest vers Nord Est (13393)"
0.92705, 48.74316, speed, "Nord Est vers Sud Ouest (13394)"
4.22063, 43.7276, speed, "Lunel vers Nimes (13395)"
4.07858, 44.13407, speed, "La Grand Combe vers Alès (13396)"
4.38122, 43.79205, speed, "Vauvert vers Marguerittes (13397)"
4.64364, 44.26198, speed, "Bourg St Andeol vers Bagnols sur Ceze (13398)"
4.10532, 44.17159, speed, "Saint Ambroix vers Alès (13399)"
4.34006, 43.82058, speed, "Nimes quartier Ouest vers Nîmes centre ville (13400)"
4.35223, 43.82819, speed, "Nimes quartier Ouest vers Nîmes centre (13401)"
4.08042, 44.11096, speed, "Alès vers St Christol les Alès (13402)"
4.331583, 43.826519, speed, "Nord vers Est (13403)"
4.32869, 43.83747, speed, "Le Vigan vers Nîmes centre-ville (13404)"
4.38742, 43.84199, speed, "Ouest vers Est (13405)"
4.37393, 43.84966, speed, "Uzès vers Nîmes centre ville (13406)"
4.08315, 44.13382, speed, "St Ambroix vers Alès centre ville (13407)"
4.55928, 43.83062, speed, "Nîmes vers Beaucaire (13408)"
4.56137, 43.83064, speed, "Beaucaire vers Nîmes (13409)"
4.56413, 43.93885, speed, "Nîmes vers Avignon (13410)"
4.31348, 43.84183, speed, "Le Vigan vers Nîmes centre-ville (13411)"
4.34567, 43.83714, speed, "Le Vigan vers Nîmes centre-ville (13412)"
4.39993, 43.85468, speed, "Nîmes centre ville vers Poulx (13413)"
4.08202, 44.10535, speed, "St Christol les Alès vers Alès centre-ville (13414)"
1.47814, 43.60503, speed, "Centre ville vers périphérique (13415)"
1.40677, 43.58659, speed, "Périphérique vers centre ville (13416)"
1.43358, 43.63303, speed, "Centre ville vers périphérique (13417)"
1.45439, 43.6088, speed, "Vers la gare (13418)"
1.40241, 43.55849, speed, "Toulouse vers Seysses (13419)"
1.40154, 43.55818, speed, "Bd Eisenhower vers A64 Chapitre (13420)"
1.45043, 43.61426, speed, "boulevard des Minimes vers boulevard Pierre Semard (13421)"
1.41858, 43.65913, speed, "Montauban vers Toulouse (13422)"
1.4721, 43.6504, speed, "l'Union vers Toulouse (13423)"
1.42486, 43.62142, speed, "Bd de Suisse vers la barrière de Paris (13424)"
1.34365, 43.53315, speed, "Toulouse vers Villeneuve Tolosane (13425)"
1.46687, 43.64143, speed, "Toulouse vers l'Union (13426)"
1.45711, 43.59443, speed, "Vers Port St Sauveur (13427)"
1.45867, 43.56676, speed, "Ramonville St Agne vers Toulouse (13428)"
1.4287, 43.59323, speed, "Rue des Arcs St Cyprien vers Bd Déodat de Séverac (13429)"
1.43887, 43.64843, speed, "Aucamville vers Toulouse (13430)"
1.40172, 43.55761, speed, "Seysses vers Toulouse (13431)"
1.42124, 43.59405, speed, "Place de la patte d'oie vers le Bd Gabriel KOENIGS (13432)"
1.42078, 43.59349, speed, "Bd Gabriel KOENIGS vers la Place de la patte d'oie (13433)"
-0.57819, 44.84511, speed, "Route du bord de l'eau vers le Pont Saint Jean (13434)"
-0.57305, 44.81492, speed, "Barrière St Genès vers la Barrière de Bègles (13435)"
-0.59909, 44.83694, speed, "Barrière du Médoc vers la Barrière St Genès (13436)"
-0.56121, 44.82823, speed, "Place de la Victoire vers la Gare St Jean (13437)"
-0.57261, 44.85439, speed, "Avenue Emile Counord vers le Quai des Chartrons (13438)"
-0.5691, 44.86011, speed, "Cours du Médoc vers les Quais (13439)"
-0.57268, 44.81436, speed, "Villenave d'Ornon vers Bordeaux Centre (13440)"
-0.59089, 44.85754, speed, "Bd Pierre 1er vers barrière du Médoc (13441)"
-0.59133, 44.85653, speed, "Bd Pierre 1er vers Ravezie (13442)"
-0.67196, 44.83454, speed, "Avenue J.F Kennedy vers Bordeaux (13443)"
-0.67196, 44.8345, speed, "Bordeaux vers rocade A630 (13444)"
-0.59745, 44.81973, speed, "Talence vers Bordeaux (13445)"
-0.59722, 44.82026, speed, "Rue El Alamein vers cours Gallieni (13446)"
-0.57297, 44.82707, speed, "Rue St Nicolas vers rue La Fontaine (13447)"
3.8409, 43.60871, speed, "JUVIGNAC vers LATTES (13448)"
3.8671, 43.61259, speed, "Rue DORIA vers rue GERHARDT (13449)"
3.21812, 43.34735, speed, "LIGNAN SUR ORB vers SAUVIAN (13450)"
3.8618, 43.62356, speed, "Sud-Ouest vers Nord-Est (13451)"
3.88475, 43.60152, speed, "SUD vers NORD (13452)"
3.86399, 43.58181, speed, "Nord-Ouest vers Sud-Est (13453)"
3.23051, 43.35416, speed, "VALROS vers MONTADY (13454)"
3.21874, 43.34702, speed, "SAUVIAN vers LIGNAN SUR ORB (13455)"
3.22119, 43.34271, speed, "Corneilhan vers Sauvian (13456)"
3.84553, 43.59652, speed, "LATTES vers JUVIGNAC (13457)"
3.84458, 43.59671, speed, "JUVIGNAC vers LATTES (13458)"
3.86508, 43.61974, speed, "Castelnau le Lez vers Lavérune (13459)"
3.23386, 43.34471, speed, "Colombiers vers Montblanc (13460)"
3.84985, 43.61993, speed, "Lavérune vers Castelnau le Lez (13461)"
3.88444, 43.58921, speed, "Grabels vers Lattes (13462)"
3.88183, 43.62588, speed, "JUVIGNAC vers CASTELNAU LE LEZ (13463)"
3.89264, 43.59694, speed, "St Jean de Védas vers Castelnau le Lez (13464)"
3.96754, 43.65381, speed, "Baillargues vers Le Crès (13465)"
3.85001, 43.62027, speed, "Grabels vers Lattes (13466)"
3.96748, 43.65376, speed, "LE CRES vers BAILLARGUES (13467)"
3.90981, 43.63025, speed, "Nord Ouest vers Sud Est (13468)"
3.91044, 43.62992, speed, "Sud Est vers Nord Ouest (13469)"
4.12201, 43.67965, speed, "Nord vers Sud (13470)"
4.12194, 43.67967, speed, "Sud vers Nord (13471)"
3.46783, 43.31805, speed, "BESSAN vers AGDE (13472)"
3.47559, 43.31902, speed, "Nord vers Sud (Marseillan vers Agde) (13473)"
4.12215, 43.67902, speed, "Sud vers Nord (Agde vers Marseillan) (13474)"
3.46801, 43.31738, speed, "AGDE vers BESSAN (13475)"
-1.66806, 48.27413, speed, "Ouest vers Est (13476)"
-1.66717, 48.27419, speed, "Est vers Ouest (13477)"
0.36312, 47.30782, speed, "Sud Ouest vers Nord Est (13478)"
0.36313, 47.30805, speed, "Nord Est vers Sud Ouest (13479)"
5.15145, 45.62753, speed, "Nord vers Sud (13480)"
5.15192, 45.62673, speed, "Sud vers Nord (13481)"
-1.0693, 43.69448, speed, "Dax vers Tercis (13482)"
-0.51332, 43.8946, speed, "Route de Bayonne vers la route de Sabres (13483)"
-0.47799, 43.87838, speed, "Vers centre ville (13484)"
-0.91751, 43.91955, speed, "Nord Ouest vers Sud Est (13485)"
3.31065, 45.3639, speed, "BRIOUDE vers LEMPDES SUR ALLAGNON (13486)"
3.30968, 45.36421, speed, "LEMPDES SUR ALLAGNON vers BRIOUDE (13487)"
-1.38496, 47.16053, speed, "Sud vers Nord (13488)"
-1.78975, 47.10614, speed, "Nord Est vers Sud Ouest (13489)"
-1.38446, 47.16025, speed, "Nord vers Sud (13490)"
-1.79026, 47.10554, speed, "Sud Ouest vers Nord Est (13491)"
2.77429, 48.1035, speed, "Nord Ouest vers Sud Est (13492)"
2.77446, 48.10317, speed, "Sud vers Nord (13493)"
0.63367, 44.20058, speed, "Agen vers Toulouse (13494)"
0.70698, 44.39838, speed, "Villeneuve sur Lot vers Agen (13495)"
0.70748, 44.39777, speed, "Agen vers Villeneuve sur Lot (13496)"
0.62899, 44.19424, speed, "Toulouse vers Bordeaux (13497)"
0.72988, 44.41564, speed, "Fumel vers Villeneuve (13498)"
0.61152, 44.20629, speed, "Bordeaux vers Toulouse (13499)"
0.72001, 44.42009, speed, "Monflanquin vers Villeneuve (13500)"
0.61525, 44.19173, speed, "Bordeaux vers Toulouse (13501)"
0.5517, 44.20196, speed, "Mont de Marsan vers Agen (13502)"
0.15814, 44.50161, speed, "Bordeaux vers Toulouse (13503)"
0.16015, 44.507, speed, "Sud vers Nord (13504)"
0.17136, 44.50187, speed, "MIRAMONT DE GUYENNE vers MARMANDE (13505)"
0.17034, 44.50144, speed, "Sud Ouest vers Nord Est (13506)"
0.16004, 44.50768, speed, "Nord vers Sud (13507)"
2.49104, 50.75275, speed, "Ouest vers Est (13508)"
2.4909, 50.75267, speed, "Est vers Ouest (13509)"
3.08054, 50.66037, speed, "Sud vers Nord (13510)"
3.48627, 50.39033, speed, "Nord vers Sud (13511)"
3.48682, 50.38977, speed, "Sud vers Nord (13512)"
2.98773, 50.60643, speed, "HAUBOURDIN vers EMMERIN (13513)"
2.98873, 50.60574, speed, "EMMERIN vers HAUBOURDIN (13514)"
2.74364, 49.09549, speed, "Nord Ouest vers Sud Est (13515)"
2.74575, 49.0945, speed, "MEAUX vers ERMENONVILLE (13516)"
2.80525, 50.29317, speed, "Nord vers Sud (13517)"
2.80568, 50.29251, speed, "Sud vers Nord (13518)"
-0.37013, 43.30487, speed, "Est vers Ouest (13519)"
-1.60707, 43.42037, speed, "St Jean de Luz vers Bayonne (13520)"
-0.78083, 43.49267, speed, "Ouest vers Est (13521)"
-1.49149, 43.49819, speed, "Ouest vers Est (13522)"
-0.39579, 43.30193, speed, "Est vers Ouest (13523)"
-1.53665, 43.487, speed, "Biarritz vers Bayonne (13524)"
-1.49443, 43.48513, speed, "Ouest vers Est (13525)"
-0.37748, 43.31209, speed, "Nord vers Sud (13526)"
-1.48318, 43.48769, speed, "Biarritz vers Bayonne (13527)"
-0.37833, 43.29612, speed, "PAU vers BILLERE (13528)"
-1.58931, 43.43801, speed, "St Jean de Luz vers Biarritz (13529)"
-0.41791, 43.3139, speed, "LESCAR vers PAU (13530)"
-0.37561, 43.31374, speed, "Avenue de Montardon vers Bordeaux (13531)"
-0.32382, 43.31104, speed, "Tarbes vers Morlaas (13532)"
-0.32286, 43.31168, speed, "Morlaas vers Tarbes (13533)"
-0.368, 43.31908, speed, "Rue Jean Genèse vers Rue A. Benghozi (13534)"
-1.46966, 43.50358, speed, "Bayonne vers Landes (13535)"
0.05619, 43.22775, speed, "vers centre ville (13536)"
0.06367, 43.22046, speed, "Ouest vers Est (13537)"
0.19113, 42.74836, speed, "France-Espagne (13538)"
2.87444, 42.68811, speed, "Vers le centre ville (13539)"
2.88492, 42.6893, speed, "Allée Bacchus vers centre ville (13540)"
2.88496, 42.68933, speed, "Avenue Victor Dalbiez vers Centre ville (13541)"
2.89845, 42.70914, speed, "Nord vers Sud (13542)"
2.89901, 42.70862, speed, "Sud vers Nord (13543)"
2.90577, 42.69569, speed, "Bd Cayrol vers le Nord (13544)"
2.90393, 42.6927, speed, "Est vers Ouest (13545)"
2.90425, 42.69311, speed, "Sud vers Nord (13546)"
2.90135, 42.68724, speed, "Ouest vers Est (13547)"
2.90517, 42.67727, speed, "Avenue Paul Alduy vers avenue Albert Einstein (13548)"
2.87247, 42.69394, speed, "Avenue Torreilles vers le Nord (13549)"
2.90664, 42.68945, speed, "Av. de la Côte Vermeille vers le Sud-Ouest (13550)"
7.10366, 47.80932, speed, "Remiremont vers Mulhouse (13551)"
7.10519, 47.80885, speed, "Mulhouse vers Remiremont (13552)"
4.70118, 45.8568, speed, "Est vers Ouest (13553)"
4.7, 45.8568, speed, "Ouest vers Est (13554)"
4.76249, 45.45942, speed, ""Nord Est vers Sud Ouest (13555)"
4.76154, 45.4589, speed, ""Sud Ouest vers Nord Est (13556)"
4.24566, 46.86264, speed, "ETANG SUR ARROUX vers MARMAGNE (13557)"
4.2466, 46.86327, speed, "MARMAGNE vers ETANG SUR ARROUX (13558)"
0.20154, 47.97964, speed, "Est vers Ouest (13559)"
0.2007, 47.97961, speed, "Ouest vers Est (13560)"
0.16992, 48.03382, speed, "Ouest vers Est (13561)"
0.17135, 48.03395, speed, "Est vers Ouest (13562)"
5.90926, 45.68552, speed, "Ouest vers Est (13563)"
5.90981, 45.68559, speed, "Est vers Ouest (13564)"
1.55257, 49.61465, speed, "Nord-Est vers Sud-Ouest (13565)"
1.55173, 49.61458, speed, "Sud-Ouest vers Nord-Est (13566)"
1.73571, 49.48361, speed, "Est vers Ouest (Ferrières-en-Bray vers Gournay-en-Bray) (13567)"
2.68601, 48.26675, speed, "Ouest vers Est (13568)"
2.68713, 48.26681, speed, "Est vers Ouest (13569)"
-0.50317, 46.31552, speed, "Magné vers Niort (13570)"
-0.21773, 46.99237, speed, "Ouest vers Est (13571)"
-0.21698, 46.992, speed, "Thouars vers Ste Verge (13572)"
-0.44639, 46.33938, speed, "Rue de Cholette vers Niort (13573)"
-0.20987, 46.41212, speed, "Poitiers vers Niort (13574)"
1.11765, 44.03451, speed, "St Porquier vers le centre ville (13575)"
1.32003, 44.01735, speed, "CASTELSARRASIN vers MONTAUBAN (13576)"
1.37074, 44.0358, speed, "Fonneuve vers le centre ville (13577)"
1.34584, 44.01274, speed, "AVENUE CHAMIER vers PONT DE SAPIAC (13578)"
1.34843, 44.02291, speed, "nord vers Sud (13579)"
1.36018, 44.00791, speed, "Sud vers Nord (13580)"
1.36995, 44.01752, speed, "Boulevard Vincent AURIOL  vers Avenue des MOURETS (13581)"
0.38156, 46.56329, speed, "Rue de la Milèterie vers Rue Follereau (13582)"
0.41506, 46.54325, speed, "Limoges vers Poitiers (13583)"
0.35866, 46.63856, speed, "Poitiers vers Tours (13584)"
0.35816, 46.63813, speed, "Tours vers Poitiers (13585)"
0.32128, 46.55188, speed, "Limoges vers Niort (13586)"
1.16992, 45.96016, speed, "Nord vers Sud (13587)"
1.17052, 45.95989, speed, "Sud vers Nord (13588)"
3.58685, 47.8219, speed, "AUXERRE vers TROYES (13589)"
3.58734, 47.82254, speed, "TROYES vers AUXERRE (13590)"
2.37411, 48.53784, speed, "VERT LE PETIT vers  FONTENAY LE VICOMTE (13591)"
2.37489, 48.53771, speed, "FONTENAY LE VICOMTE vers  VERT LE PETIT (13592)"
2.17145, 48.56515, speed, "BREUX JOUY vers ST YON (13593)"
2.17204, 48.5646, speed, "ST YON vers BREUX JOUY (13594)"
2.33639, 48.97523, speed, "DEUIL LA BARRE vers MONTMAGNY (13595)"
2.33751, 48.97519, speed, "MONTMAGNY vers DEUIL LA BARRE (13596)"
5.205681, 45.773383, speed, " (10352)"
7.412692, 43.731979, speed, " (10353)"
4.830817, 44.938465, speed, " (10386)"
4.37721, 48.976904, speed, " (10387)"
2.302565, 43.21346, speed, " (10412)"
1.612157, 42.829518, speed, " (10421)"
2.592991, 44.373694, speed, " (10443)"
2.567538, 44.291312, speed, " (10455)"
5.451249, 43.246999, speed, " (10476)"
5.648124, 43.2683, speed, " (10489)"
-0.661724, 45.75765, speed, " (10506)"
0.477717, 44.8285, speed, " (10523)"
6.364996, 46.891104, speed, " (12182)"
6.252901, 47.157795, speed, " (10557)"
0.912095, 49.108505, speed, " (10573)"
1.460803, 48.409649, speed, " (10591)"
1.51601, 48.427044, speed, " (10604)"
1.479608, 48.484956, speed, " (10622)"
4.12627, 44.130211, speed, " (10639)"
4.192282, 43.704766, speed, " (10659)"
0.591325, 43.056209, speed, " (10672)"
-0.565167, 44.886042, speed, " (10692)"
-0.569323, 44.886798, speed, " (10703)"
-0.671097, 44.918087, speed, " (10725)"
-0.436257, 45.005797, speed, " (10735)"
3.179061, 43.335877, speed, " (10755)"
3.576724, 43.439779, speed, " (10762)"
3.023067, 43.205563, speed, " (10781)"
1.320719, 47.57786, speed, " (10796)"
5.6217, 46.841727, speed, " (10808)"
4.116639, 45.147217, speed, " (10835)"
3.84999, 45.067463, speed, " (10852)"
-1.843225, 47.132067, speed, " (10864)"
0.742893, 44.408456, speed, " (10865)"
-0.300595, 47.187503, speed, " (10898)"
-1.179788, 48.371356, speed, " (10899)"
3.735347, 48.726062, speed, " (10929)"
3.673162, 49.104405, speed, " (10933)"
5.398614, 47.854688, speed, " (12375)"
5.919838, 48.712936, speed, " (10952)"
6.163686, 48.606645, speed, " (10971)"
6.062331, 48.950943, speed, " (10990)"
6.251165, 49.324033, speed, " (11003)"
7.579143, 48.969879, speed, " (11022)"
2.420155, 49.400384, speed, " (11036)"
3.27812, 49.382016, speed, " (11037)"
2.604848, 49.291932, speed, " (11066)"
0.000826, 48.446631, speed, " (11071)"
2.579359, 50.345852, speed, " (11073)"
2.223438, 50.700269, speed, " (11095)"
-1.385582, 43.326913, speed, " (11106)"
2.851185, 42.525395, speed, " (11107)"
2.766478, 42.484717, speed, " (11140)"
4.681355, 45.692277, speed, " (11141)"
4.672344, 45.969677, speed, " (11142)"
4.959975, 45.679905, speed, " (11154)"
6.381639, 47.866486, speed, " (11176)"
5.602704, 47.432836, speed, " (11177)"
4.339775, 46.968041, speed, " (11199)"
5.834516, 45.93192, speed, " (11211)"
5.728296, 45.708831, speed, " (11724)"
2.723554, 48.589967, speed, " (11725)"
2.799948, 48.831074, speed, " (11727)"
2.507424, 48.550174, speed, " (11748)"
3.32225, 48.55101, speed, " (11760)"
2.151713, 43.896684, speed, " (11761)"
0.471131, 46.508771, speed, " (11776)"
1.280403, 45.891151, speed, " (11792)"
6.476978, 48.198949, speed, " (11796)"
7.494679, 47.573626, speed, " (11797)"
